seq_id	aln_start	aln_end	env_start	env_end	hmm_acc	hmm_name	type	hmm_start	hmm_end	hmm_length	score	evalue	significance	clan
A0A009RE11_polA_valid	4	165	3	165	PF02739.23	5_3_exonuc_N	Domain	2	164	164	182.4	8.3e-54	1	CL0280
A0A009RE11_polA_valid	166	260	166	261	PF01367.26	5_3_exonuc	Domain	1	96	97	109.8	1.2e-31	1	CL0464
A0A009RE11_polA_valid	329	515	329	516	PF01612.27	DNA_pol_A_exo1	Domain	1	172	173	115.5	3.7e-33	1	CL0219
A0A009RE11_polA_valid	550	921	548	921	PF00476.27	DNA_pol_A	Domain	3	381	381	527.2	3.5e-158	1	No_Clan
A0A011N129_polA_valid	1	279	1	280	PF00476.27	DNA_pol_A	Domain	99	380	381	415.0	4.5e-124	1	No_Clan
A0A011SJ11_polA_valid	8	177	8	177	PF02739.23	5_3_exonuc_N	Domain	1	164	164	193.6	3.1e-57	1	CL0280
A0A011SJ11_polA_valid	179	272	178	273	PF01367.26	5_3_exonuc	Domain	2	96	97	94.0	9.8e-27	1	CL0464
A0A011SJ11_polA_valid	505	886	504	887	PF00476.27	DNA_pol_A	Domain	2	380	381	474.5	3.8e-142	1	No_Clan
tr_A0A812JX39_polA_putative	86	244	85	254	PF02739.23	5_3_exonuc_N	Domain	2	156	164	134.0	6.5e-39	1	CL0280
